activation,hidden,lr,epoch,train_loss,val_loss,epoch_flops,total_flops,gflops,epoch_time
relu,64,0.01,1,0.7700141943212315,0.5816215187233553,842277822,842277822,0.842277822,0.06188639998435974
relu,64,0.01,2,0.579564367998456,0.4925921811224767,842277822,1684555644,1.684555644,0.0593896999489516
relu,64,0.01,3,0.4869770386858271,0.4490597619097354,842277822,2526833466,2.526833466,0.05807330016978085
relu,64,0.01,4,0.44141265924846806,0.42088759176978213,842277822,3369111288,3.369111288,0.08531850017607212
relu,64,0.01,5,0.412391794885651,0.3969547143944778,842277822,4211389110,4.21138911,0.10484960000030696
relu,64,0.01,6,0.38840639590908693,0.37689240193006524,842277822,5053666932,5.053666932,0.060026099905371666
relu,64,0.01,7,0.3684942003733583,0.36309304609404963,842277822,5895944754,5.895944754,0.3506839999463409
relu,64,0.01,8,0.35458573323258136,0.35662478112736423,842277822,6738222576,6.738222576,0.07942670001648366
relu,64,0.01,9,0.34761924111283043,0.35615571151864844,842277822,7580500398,7.580500398,0.08341680001467466
relu,64,0.01,10,0.3463123796837625,0.3581867790733138,842277822,8422778220,8.42277822,0.05917629995383322
relu,64,0.01,11,0.34747641110011507,0.3592368333761217,842277822,9265056042,9.265056042,0.057184699922800064
relu,64,0.01,12,0.3477727798891924,0.3575916156232007,842277822,10107333864,10.107333864,0.05810260004363954
relu,64,0.01,13,0.3456215649982901,0.3537119304622613,842277822,10949611686,10.949611686,0.05884540011174977
relu,64,0.01,14,0.34141999529081357,0.3490737199029071,842277822,11791889508,11.791889508,0.10771239991299808
relu,64,0.01,15,0.336561873749127,0.3450357708482777,842277822,12634167330,12.63416733,0.14556089998222888
relu,64,0.01,16,0.3323511902318696,0.34225263969255293,842277822,13476445152,13.476445152,0.06640270003117621
relu,64,0.01,17,0.3293545822308403,0.3405795842824092,842277822,14318722974,14.318722974,0.059808799996972084
relu,64,0.01,18,0.32744162226790424,0.3393999360478463,842277822,15161000796,15.161000796,0.05818969989195466
relu,64,0.01,19,0.32603069699892173,0.33809970372798703,842277822,16003278618,16.003278618,0.05943890009075403
relu,64,0.01,20,0.3245224845445062,0.3363575047505838,842277822,16845556440,16.84555644,0.058058900060132146
relu,64,0.01,21,0.32262468303117725,0.33427685433957993,842277822,17687834262,17.687834262,0.11144530004821718
relu,64,0.01,22,0.3204471270800774,0.3321456922685635,842277822,18530112084,18.530112084,0.3057921000290662
relu,64,0.01,23,0.31831017969259723,0.33031994911811396,842277822,19372389906,19.372389906,0.07249450008384883
relu,64,0.01,24,0.3165484636182101,0.3290633653708864,842277822,20214667728,20.214667728,0.0630872999317944
relu,64,0.01,25,0.3153713130409947,0.3284213822375262,842277822,21056945550,21.05694555,0.05765690002590418
relu,64,0.01,26,0.3147747340320206,0.3281824536165992,842277822,21899223372,21.899223372,0.0650104999076575
relu,64,0.01,27,0.3145294412327823,0.3278145294064686,842277822,22741501194,22.741501194,0.0574630000628531
relu,64,0.01,28,0.3141928349719264,0.3270101945695187,842277822,23583779016,23.583779016,0.10816439986228943
relu,64,0.01,29,0.31342022108382805,0.3257995143178078,842277822,24426056838,24.426056838,0.08828460006043315
relu,64,0.01,30,0.3122014293470683,0.32451309380552273,842277822,25268334660,25.26833466,0.06052910001017153
relu,64,0.01,31,0.3108450078617914,0.3234948670944191,842277822,26110612482,26.110612482,0.05707660014741123
relu,64,0.01,32,0.3097161223194518,0.32285482619239975,842277822,26952890304,26.952890304,0.061669399961829185
relu,64,0.01,33,0.3089305469285735,0.32240999183191876,842277822,27795168126,27.795168126,0.0639198999851942
relu,64,0.01,34,0.30829659450233243,0.3218642499335929,842277822,28637445948,28.637445948,0.05776579980738461
relu,64,0.01,35,0.3075463756190765,0.32108246975702287,842277822,29479723770,29.47972377,0.08703830000013113
relu,64,0.01,36,0.3065617190465943,0.3202686287395065,842277822,30322001592,30.322001592,0.11734800017438829
relu,64,0.01,37,0.3054737125682326,0.3196920236580029,842277822,31164279414,31.164279414,0.2936554001644254
relu,64,0.01,38,0.30457132457162656,0.3195099814381299,842277822,32006557236,32.006557236,0.07987260003574193
relu,64,0.01,39,0.30402306855593103,0.3195105966398105,842277822,32848835058,32.848835058,0.057050400180742145
relu,64,0.01,40,0.3036927518928838,0.3193401907568538,842277822,33691112880,33.69111288,0.05923029989935458
relu,64,0.01,41,0.30324929413349905,0.31887987570029397,842277822,34533390702,34.533390702,0.058138899970799685
relu,64,0.01,42,0.30258295858666695,0.3183756892072181,842277822,35375668524,35.375668524,0.06130109983496368
relu,64,0.01,43,0.30191498692310104,0.31808623331637187,842277822,36217946346,36.217946346,0.11161280004307628
relu,64,0.01,44,0.3014660693999207,0.31799089858778057,842277822,37060224168,37.060224168,0.0601413999684155
relu,64,0.01,45,0.30118522955524735,0.31782693802002876,842277822,37902501990,37.90250199,0.05915479990653694
relu,64,0.01,46,0.30082449624836344,0.31746645152433,842277822,38744779812,38.744779812,0.05723559996113181
relu,64,0.01,47,0.300253602778804,0.3170700222636446,842277822,39587057634,39.587057634,0.057960799895226955
relu,64,0.01,48,0.29964089296375945,0.3168210681641918,842277822,40429335456,40.429335456,0.05809019994921982
relu,64,0.01,49,0.29919900518614373,0.3166831149757176,842277822,41271613278,41.271613278,0.06366200000047684
relu,64,0.01,50,0.29889404287682114,0.3164821383953281,842277822,42113891100,42.1138911,0.11980320001021028
relu,64,0.01,51,0.2985248042231892,0.31619957399671,842277822,42956168922,42.956168922,0.06288639991544187
relu,64,0.01,52,0.2980612650462395,0.3159613843563447,842277822,43798446744,43.798446744,0.0665801998693496
relu,64,0.01,53,0.29765555349742534,0.3158367919301668,842277822,44640724566,44.640724566,0.49648159998469055
relu,64,0.01,54,0.29737161652776006,0.3157389066203964,842277822,45483002388,45.483002388,0.08369999984279275
relu,64,0.01,55,0.2971094796997381,0.3155640771354656,842277822,46325280210,46.32528021,0.07653349987231195
relu,64,0.01,56,0.2967653445646708,0.3153448537689846,842277822,47167558032,47.167558032,0.09549740003421903
relu,64,0.01,57,0.29638816607403756,0.31517912431906064,842277822,48009835854,48.009835854,0.1148292999714613
relu,64,0.01,58,0.296069421017913,0.3150774894684544,842277822,48852113676,48.852113676,0.06318689999170601
relu,64,0.01,59,0.29579479058539443,0.3149590917304838,842277822,49694391498,49.694391498,0.061562699964269996
relu,64,0.01,60,0.2954945612945408,0.31480902005545225,842277822,50536669320,50.53666932,0.056862999917939305
relu,64,0.01,61,0.2951512503593109,0.314700457928383,842277822,51378947142,51.378947142,0.06502510001882911
relu,64,0.01,62,0.2948323451362038,0.314649269953721,842277822,52221224964,52.221224964,0.0607721998821944
relu,64,0.01,63,0.2945635580154739,0.31460206859189327,842277822,53063502786,53.063502786,0.06072960002347827
relu,64,0.01,64,0.2943019474537392,0.3145256541366998,842277822,53905780608,53.905780608,0.059133100090548396
relu,64,0.01,65,0.29400234491454935,0.3144604712321594,842277822,54748058430,54.74805843,0.11403200007043779
relu,64,0.01,66,0.2937060331560616,0.31444713705225835,842277822,55590336252,55.590336252,0.33628130005672574
relu,64,0.01,67,0.29345117206396704,0.31445356229819077,842277822,56432614074,56.432614074,0.08673570002429187
relu,64,0.01,68,0.29320247964992296,0.31445095147186114,842277822,57274891896,57.274891896,0.061790999956429005
relu,64,0.01,69,0.29292975557204165,0.31446488887329405,842277822,58117169718,58.117169718,0.060993900056928396
relu,64,0.01,70,0.2926619141905628,0.3145090742780134,842277822,58959447540,58.95944754,0.05708459997549653
relu,64,0.01,71,0.29241412778932274,0.3145593888050289,842277822,59801725362,59.801725362,0.05981789994984865
relu,64,0.01,72,0.2921637318623474,0.3145933646323881,842277822,60644003184,60.644003184,0.11196159990504384
relu,64,0.01,73,0.2919002977823477,0.31462261890478366,842277822,61486281006,61.486281006,0.059481500182300806
relu,64,0.01,74,0.2916429247029124,0.31464970506619944,842277822,62328558828,62.328558828,0.05839399993419647
relu,64,0.01,75,0.29139471194380495,0.3146647383388854,842277822,63170836650,63.17083665,0.05825060000643134
relu,64,0.01,76,0.29113845959592666,0.31467213981529846,842277822,64013114472,64.013114472,0.056958300061523914
relu,64,0.01,77,0.29087315857888185,0.31467958808618085,842277822,64855392294,64.855392294,0.06158300000242889
relu,64,0.01,78,0.2906171820197803,0.3146912838770752,842277822,65697670116,65.697670116,0.060378000140190125
relu,64,0.01,79,0.2903620733974569,0.31469602201588365,842277822,66539947938,66.539947938,0.11031559994444251
relu,64,0.01,80,0.29009731242404985,0.31471145394887196,842277822,67382225760,67.38222576,0.06286140019074082
relu,64,0.01,81,0.28983664704089057,0.3147411216567871,842277822,68224503582,68.224503582,0.40239789988845587
relu,64,0.01,82,0.28958651106387834,0.3147681022438864,842277822,69066781404,69.066781404,0.06245089997537434
relu,64,0.01,83,0.2893322332603058,0.3147968206815472,842277822,69909059226,69.909059226,0.06300859991461039
relu,64,0.01,84,0.28907601236442554,0.31482933164829263,842277822,70751337048,70.751337048,0.058289799839258194
relu,64,0.01,85,0.28882266145265795,0.31486248509003595,842277822,71593614870,71.59361487,0.058654299937188625
relu,64,0.01,86,0.28856680370822285,0.3149014087740056,842277822,72435892692,72.435892692,0.11220570001751184
relu,64,0.01,87,0.28831163763655304,0.3149505889103357,842277822,73278170514,73.278170514,0.05951279983855784
relu,64,0.01,88,0.288064224837944,0.31500196820881354,842277822,74120448336,74.120448336,0.06007719994522631
relu,64,0.01,89,0.2878170483690065,0.31505052351746676,842277822,74962726158,74.962726158,0.057938999962061644
relu,64,0.01,90,0.2875642363371812,0.3151081027729298,842277822,75805003980,75.80500398,0.0590589998755604
relu,64,0.01,91,0.28731559776591636,0.3151792444986717,842277822,76647281802,76.647281802,0.05893779988400638
relu,64,0.01,92,0.28706873216612033,0.31525566133487687,842277822,77489559624,77.489559624,0.06142539996653795
relu,64,0.01,93,0.28682344310397745,0.31533490572244405,842277822,78331837446,78.331837446,0.059232900151982903
relu,64,0.01,94,0.2865801999222446,0.31540293728321794,842277822,79174115268,79.174115268,0.11930859996937215
relu,64,0.01,95,0.2863381084252786,0.3154648076575061,842277822,80016393090,80.01639309,0.41767389979213476
relu,64,0.01,96,0.28609521920022374,0.3155366002693522,842277822,80858670912,80.858670912,0.0658398000523448
relu,64,0.01,97,0.2858552115322349,0.3156189788977294,842277822,81700948734,81.700948734,0.060162599897012115
relu,64,0.01,98,0.28561620142967464,0.3157152691117114,842277822,82543226556,82.543226556,0.060472399927675724
relu,64,0.01,99,0.2853807363431239,0.31580785369546416,842277822,83385504378,83.385504378,0.05896400008350611
relu,64,0.01,100,0.2851428471299775,0.3159034627936187,842277822,84227782200,84.2277822,0.05723130004480481
gelu,64,0.01,1,0.776464258270158,0.5906944538682177,856865150,856865150,0.85686515,0.19066630001179874
gelu,64,0.01,2,0.5890820182872174,0.4961451883453584,856865150,1713730300,1.7137303,0.19733639992773533
gelu,64,0.01,3,0.4914602999595538,0.44859432251000075,856865150,2570595450,2.57059545,0.5876591000705957
gelu,64,0.01,4,0.4420918233135786,0.4215664640455557,856865150,3427460600,3.4274606,0.18889739993028343
gelu,64,0.01,5,0.41418688302638357,0.4016570335394457,856865150,4284325750,4.28432575,0.22051250003278255
gelu,64,0.01,6,0.3939181751757383,0.38509301903059695,856865150,5141190900,5.1411909,0.19012560020200908
gelu,64,0.01,7,0.377131314628799,0.37250394365676803,856865150,5998056050,5.99805605,0.264354299986735
gelu,64,0.01,8,0.3641820238751559,0.3649360888312612,856865150,6854921200,6.8549212,0.4819460001308471
gelu,64,0.01,9,0.35601374544447884,0.3620325098696036,856865150,7711786350,7.71178635,0.18975790007971227
gelu,64,0.01,10,0.3523226677115734,0.36194840666094,856865150,8568651500,8.5686515,0.19085650006309152
gelu,64,0.01,11,0.35139815221536225,0.36220811286553634,856865150,9425516650,9.42551665,0.19020750001072884
gelu,64,0.01,12,0.35091221608220763,0.36089260009964064,856865150,10282381800,10.2823818,0.19384279986843467
gelu,64,0.01,13,0.3490439572953203,0.35741408856696555,856865150,11139246950,11.13924695,0.18926559993997216
gelu,64,0.01,14,0.3452219179141387,0.3524263525404232,856865150,11996112100,11.9961121,0.28936830000020564
gelu,64,0.01,15,0.3400480723243165,0.34716797873877464,856865150,12852977250,12.85297725,0.1925036001484841
gelu,64,0.01,16,0.3346786088211109,0.34276817197996723,856865150,13709842400,13.7098424,0.20617200015112758
gelu,64,0.01,17,0.33016825023282187,0.3398072188275425,856865150,14566707550,14.56670755,0.18865230004303157
gelu,64,0.01,18,0.3270592307598288,0.33820930908805463,856865150,15423572700,15.4235727,0.18929199990816414
gelu,64,0.01,19,0.32528434459376604,0.33743371616545986,856865150,16280437850,16.28043785,0.18743209983222187
gelu,64,0.01,20,0.32434398203297776,0.33683389276892495,856865150,17137303000,17.137303,0.374100900022313
gelu,64,0.01,21,0.3236362873767547,0.3359845212259624,856865150,17994168150,17.99416815,0.19225129997357726
gelu,64,0.01,22,0.3227613350474098,0.3348115506190677,856865150,18851033300,18.8510333,0.24614230007864535
gelu,64,0.01,23,0.3216449362828338,0.33349766463718084,856865150,19707898450,19.70789845,0.19072329998016357
gelu,64,0.01,24,0.3204506550561253,0.3322692955294388,856865150,20564763600,20.5647636,0.1897996999323368
gelu,64,0.01,25,0.31937730135028836,0.3312160186225696,856865150,21421628750,21.42162875,0.1998803000897169
gelu,64,0.01,26,0.31848680608921776,0.3302483393479322,856865150,22278493900,22.2784939,0.41855139983817935
gelu,64,0.01,27,0.31766669014465326,0.3291976993438986,856865150,23135359050,23.13535905,0.1974472999572754
gelu,64,0.01,28,0.3167315498847945,0.3279634116379422,856865150,23992224200,23.9922242,0.18970320001244545
gelu,64,0.01,29,0.3155696765526974,0.32659566833127524,856865150,24849089350,24.84908935,0.3063980999868363
gelu,64,0.01,30,0.31422496654512055,0.32527107887979456,856865150,25705954500,25.7059545,0.20315960003063083
gelu,64,0.01,31,0.31287105225342626,0.3241925587155144,856865150,26562819650,26.56281965,0.20466659986414015
gelu,64,0.01,32,0.31170987713028453,0.32347956080739415,856865150,27419684800,27.4196848,0.19831749983131886
gelu,64,0.01,33,0.31086121191842786,0.32310893872187557,856865150,28276549950,28.27654995,0.19372099987231195
gelu,64,0.01,34,0.3103036992038071,0.3229367944290741,856865150,29133415100,29.1334151,0.19314450002275407
gelu,64,0.01,35,0.3098975677317006,0.32278698553162766,856865150,29990280250,29.99028025,0.22616739990189672
gelu,64,0.01,36,0.3094740036389172,0.3225486282283637,856865150,30847145400,30.8471454,0.24631979991681874
gelu,64,0.01,37,0.30893278177991745,0.3222174650363559,856865150,31704010550,31.70401055,0.4386207000352442
gelu,64,0.01,38,0.3082827914051717,0.32186028356840046,856865150,32560875700,32.5608757,0.20409350004047155
gelu,64,0.01,39,0.30760491779791665,0.3215394683054838,856865150,33417740850,33.41774085,0.19105420005507767
gelu,64,0.01,40,0.30697469320860665,0.32125825287113524,856865150,34274606000,34.274606,0.23394880001433194
gelu,64,0.01,41,0.3064055572015718,0.3209655299435332,856865150,35131471150,35.13147115,0.18782550003379583
gelu,64,0.01,42,0.3058520787638179,0.32061105015831726,856865150,35988336300,35.9883363,0.19516869983635843
gelu,64,0.01,43,0.3052647198379055,0.32020110231522825,856865150,36845201450,36.84520145,0.2909694998525083
gelu,64,0.01,44,0.304646743487342,0.31980382013325503,856865150,37702066600,37.7020666,0.1895483999978751
gelu,64,0.01,45,0.3040621484069711,0.31949533812463565,856865150,38558931750,38.55893175,0.19106410001404583
gelu,64,0.01,46,0.30358473804748637,0.3192899439167912,856865150,39415796900,39.4157969,0.19220920000225306
gelu,64,0.01,47,0.30322990340021394,0.3191181828519274,856865150,40272662050,40.27266205,0.872274599969387
gelu,64,0.01,48,0.3029318215565077,0.3188831487558044,856865150,41129527200,41.1295272,0.19645660021342337
gelu,64,0.01,49,0.3025965379690197,0.31854848866120783,856865150,41986392350,41.98639235,0.19495030003599823
gelu,64,0.01,50,0.3021867923783125,0.3181664823943969,856865150,42843257500,42.8432575,0.24521019984968007
gelu,64,0.01,51,0.3017494849408829,0.31781556539750844,856865150,43700122650,43.70012265,0.19118550000712276
gelu,64,0.01,52,0.30135531902973905,0.3175205335341308,856865150,44556987800,44.5569878,0.3871851998846978
gelu,64,0.01,53,0.3010219652217444,0.3172449266082048,856865150,45413852950,45.41385295,0.19411080004647374
gelu,64,0.01,54,0.3007082182967392,0.31695523607790754,856865150,46270718100,46.2707181,0.19070279994048178
gelu,64,0.01,55,0.30037798270784494,0.3166705463211878,856865150,47127583250,47.12758325,0.18976310011930764
gelu,64,0.01,56,0.30004824602624774,0.31643604752964993,856865150,47984448400,47.9844484,0.22132569993846118
gelu,64,0.01,57,0.29976063438034123,0.31626015051354245,856865150,48841313550,48.84131355,0.5626425000373274
gelu,64,0.01,58,0.29951742472029247,0.31610350026188677,856865150,49698178700,49.6981787,0.1898685002233833
gelu,64,0.01,59,0.29927134020070134,0.3159370706788568,856865150,50555043850,50.55504385,0.1882858001627028
gelu,64,0.01,60,0.2989861798867731,0.3157844841836146,856865150,51411909000,51.411909,0.20541130006313324
gelu,64,0.01,61,0.2986814286455517,0.31568845312604793,856865150,52268774150,52.26877415,0.23626319994218647
gelu,64,0.01,62,0.29839943179702877,0.31565484521353737,856865150,53125639300,53.1256393,0.21736270003020763
gelu,64,0.01,63,0.2981489739526127,0.3156530603234755,856865150,53982504450,53.98250445,0.23780360003001988
gelu,64,0.01,64,0.2979045853697737,0.31566298624849787,856865150,54839369600,54.8393696,0.26386639988049865
gelu,64,0.01,65,0.2976526599786539,0.31569391373008965,856865150,55696234750,55.69623475,0.2071181999053806
gelu,64,0.01,66,0.29741014838595126,0.31575139445191475,856865150,56553099900,56.5530999,0.19002500013448298
gelu,64,0.01,67,0.29719103547981573,0.3158103038366072,856865150,57409965050,57.40996505,0.18820480001159012
gelu,64,0.01,68,0.29697797035694196,0.3158412079381887,856865150,58266830200,58.2668302,0.5706529000308365
gelu,64,0.01,69,0.29674661196260094,0.3158487833193493,856865150,59123695350,59.12369535,0.1908207000233233
gelu,64,0.01,70,0.29650315014039613,0.31585906441110767,856865150,59980560500,59.9805605,0.19254139997065067
gelu,64,0.01,71,0.2962726806480189,0.3158785893689274,856865150,60837425650,60.83742565,0.2509981000330299
gelu,64,0.01,72,0.29606031663269666,0.31589228498402805,856865150,61694290800,61.6942908,0.1947538999374956
gelu,64,0.01,73,0.29585003483431,0.3158956315137722,856865150,62551155950,62.55115595,0.19692709995433688
gelu,64,0.01,74,0.29563639171494,0.3159009211275884,856865150,63408021100,63.4080211,0.21345259994268417
gelu,64,0.01,75,0.2954299632876177,0.31591095976687733,856865150,64264886250,64.26488625,0.19145020004361868
gelu,64,0.01,76,0.2952310309006414,0.315913278299193,856865150,65121751400,65.1217514,0.19109800015576184
gelu,64,0.01,77,0.2950248822367976,0.31590557541190467,856865150,65978616550,65.97861655,0.19195080013014376
gelu,64,0.01,78,0.2948082711639559,0.3159016259159696,856865150,66835481700,66.8354817,0.9580339000094682
gelu,64,0.01,79,0.2945948782785346,0.31590787723384184,856865150,67692346850,67.69234685,0.22170340013690293
gelu,64,0.01,80,0.29439046006306147,0.3159182227866623,856865150,68549212000,68.549212,0.22368649998679757
gelu,64,0.01,81,0.29418661277534697,0.31593356490309293,856865150,69406077150,69.40607715,2.358728999970481
gelu,64,0.01,82,0.29398058364196633,0.3159637384499563,856865150,70262942300,70.2629423,0.5805691001005471
gelu,64,0.01,83,0.2937783721423053,0.31600948538986656,856865150,71119807450,71.11980745,0.24022349994629622
gelu,64,0.01,84,0.29357805387573116,0.3160629728024956,856865150,71976672600,71.9766726,1.1887416001409292
gelu,64,0.01,85,0.2933714613851937,0.31612405567154633,856865150,72833537750,72.83353775,0.2454049999359995
gelu,64,0.01,86,0.29316084756442706,0.3161966266640685,856865150,73690402900,73.6904029,0.20489739999175072
gelu,64,0.01,87,0.29295449786363975,0.3162749929357143,856865150,74547268050,74.54726805,0.2998970001935959
gelu,64,0.01,88,0.292751671597546,0.3163509425200687,856865150,75404133200,75.4041332,0.18990279990248382
gelu,64,0.01,89,0.2925480907881377,0.3164250521071452,856865150,76260998350,76.26099835,0.1934084000531584
gelu,64,0.01,90,0.2923461381226739,0.31649909555375405,856865150,77117863500,77.1178635,0.18813949986360967
gelu,64,0.01,91,0.29214709361137997,0.3165702641654754,856865150,77974728650,77.97472865,0.19488559989258647
gelu,64,0.01,92,0.2919461902060623,0.31664032674306614,856865150,78831593800,78.8315938,0.2512233001179993
gelu,64,0.01,93,0.2917430676495905,0.3167155329344047,856865150,79688458950,79.68845895,0.21599349984899163
gelu,64,0.01,94,0.29154249510412955,0.316796348353559,856865150,80545324100,80.5453241,0.18910159985534847
gelu,64,0.01,95,0.2913443027387357,0.3168804848549219,856865150,81402189250,81.40218925,0.20030970009975135
gelu,64,0.01,96,0.2911464247196807,0.3169690231746748,856865150,82259054400,82.2590544,0.19253749982453883
gelu,64,0.01,97,0.2909509746442915,0.3170604591653009,856865150,83115919550,83.11591955,0.192572700092569
gelu,64,0.01,98,0.29075792945558665,0.31715049978965176,856865150,83972784700,83.9727847,0.1919096999336034
gelu,64,0.01,99,0.290564126565836,0.31723999527519714,856865150,84829649850,84.82964985,1.8379784000571817
gelu,64,0.01,100,0.2903705204900956,0.3173315360291289,856865150,85686515000,85.686515,1.8029910000041127
tanh,64,0.01,1,0.8758515041568137,0.5617856794871848,842277822,842277822,0.842277822,2.3589265001937747
tanh,64,0.01,2,0.5586266739070347,0.48481496212212916,842277822,1684555644,1.684555644,0.2535902999807149
tanh,64,0.01,3,0.47892656109490905,0.4547186987922139,842277822,2526833466,2.526833466,0.23325990000739694
tanh,64,0.01,4,0.44773216994794024,0.423726182636857,842277822,3369111288,3.369111288,0.10005849995650351
tanh,64,0.01,5,0.41564996141039784,0.39587179984536974,842277822,4211389110,4.21138911,0.11487429984845221
tanh,64,0.01,6,0.38626723016204695,0.37956933364100814,842277822,5053666932,5.053666932,0.5021897999104112
tanh,64,0.01,7,0.3680595053729412,0.3755954730507984,842277822,5895944754,5.895944754,0.09873680002056062
tanh,64,0.01,8,0.36213579356966347,0.3785295101356094,842277822,6738222576,6.738222576,0.0846601000521332
tanh,64,0.01,9,0.36347126265643864,0.3816834752643302,842277822,7580500398,7.580500398,0.08358069998212159
tanh,64,0.01,10,0.3656297085589727,0.3805723844554266,842277822,8422778220,8.42277822,0.08096859999932349
tanh,64,0.01,11,0.3641984601759,0.3742845128857265,842277822,9265056042,9.265056042,0.08230370003730059
tanh,64,0.01,12,0.3582033782266915,0.3647619471825126,842277822,10107333864,10.107333864,0.08107800013385713
tanh,64,0.01,13,0.34943631598543756,0.35503117676631424,842277822,10949611686,10.949611686,0.13681360008195043
tanh,64,0.01,14,0.3407150955317282,0.3475882877224436,842277822,11791889508,11.791889508,0.0835174999665469
tanh,64,0.01,15,0.3343039896402167,0.3434943603749183,842277822,12634167330,12.63416733,0.08263249997980893
tanh,64,0.01,16,0.33106766341074806,0.34227772094813824,842277822,13476445152,13.476445152,0.08206679997965693
tanh,64,0.01,17,0.33042540794316755,0.34250955805277716,842277822,14318722974,14.318722974,0.09223770000971854
tanh,64,0.01,18,0.3309346666850527,0.34271261016891,842277822,15161000796,15.161000796,0.3063151999376714
tanh,64,0.01,19,0.3311684365088183,0.342109422600764,842277822,16003278618,16.003278618,0.08137740008533001
tanh,64,0.01,20,0.3304238974995852,0.34082759953150177,842277822,16845556440,16.84555644,0.08251310000196099
tanh,64,0.01,21,0.3289015988035706,0.3395354773510041,842277822,17687834262,17.687834262,0.1400578001048416
tanh,64,0.01,22,0.32733235049110065,0.3388049005200233,842277822,18530112084,18.530112084,0.08127259998582304
tanh,64,0.01,23,0.3263408893027362,0.3386321792182753,842277822,19372389906,19.372389906,0.08185070008039474
tanh,64,0.01,24,0.3259678890789624,0.3384510174206823,842277822,20214667728,20.214667728,0.0822537001222372
tanh,64,0.01,25,0.32567996607856003,0.33760925024089594,842277822,21056945550,21.05694555,0.0822829999960959
tanh,64,0.01,26,0.3248420236825308,0.33588570238266946,842277822,21899223372,21.899223372,0.08349660015664995
tanh,64,0.01,27,0.3232317324456176,0.33363025544710195,842277822,22741501194,22.741501194,0.08290160004980862
tanh,64,0.01,28,0.32117945485463234,0.33149330442770353,842277822,23583779016,23.583779016,0.13626039982773364
tanh,64,0.01,29,0.31929932498816094,0.3300161422556369,842277822,24426056838,24.426056838,0.08210769994184375
tanh,64,0.01,30,0.31808421853524027,0.3293678104606896,842277822,25268334660,25.26833466,0.34058819990605116
tanh,64,0.01,31,0.3176510819515214,0.3293446994140292,842277822,26110612482,26.110612482,0.08364440011791885
tanh,64,0.01,32,0.3177510944087781,0.3295662363798911,842277822,26952890304,26.952890304,0.08258790010586381
tanh,64,0.01,33,0.31797417597000277,0.3297105349547506,842277822,27795168126,27.795168126,0.08297799993306398
tanh,64,0.01,34,0.31798908512760826,0.3296559902466126,842277822,28637445948,28.637445948,0.08414330007508397
tanh,64,0.01,35,0.31768529791874894,0.3294789925840004,842277822,29479723770,29.47972377,0.13675429997965693
tanh,64,0.01,36,0.3171683446265713,0.3293416540401176,842277822,30322001592,30.322001592,0.07925149984657764
tanh,64,0.01,37,0.31664319866095647,0.3293513065448623,842277822,31164279414,31.164279414,0.07816719985567033
tanh,64,0.01,38,0.3162671639967461,0.3294774102290018,842277822,32006557236,32.006557236,0.08311769994907081
tanh,64,0.01,39,0.3160579532527758,0.32957368982666335,842277822,32848835058,32.848835058,0.27211639983579516
tanh,64,0.01,40,0.3159064021096276,0.32948616183643,842277822,33691112880,33.69111288,0.3227650001645088
tanh,64,0.01,41,0.31567735933212926,0.3291670226624553,842277822,34533390702,34.533390702,0.08323769993148744
tanh,64,0.01,42,0.31532116854745723,0.3287082690089841,842277822,35375668524,35.375668524,0.13167429994791746
tanh,64,0.01,43,0.3149101628341886,0.3282709663638912,842277822,36217946346,36.217946346,0.08790470007807016
tanh,64,0.01,44,0.3145746895831273,0.3279687156562541,842277822,37060224168,37.060224168,0.07967490004375577
tanh,64,0.01,45,0.31439480656041935,0.32779777259082776,842277822,37902501990,37.90250199,0.08139210008084774
tanh,64,0.01,46,0.3143376578448409,0.3276640173681613,842277822,38744779812,38.744779812,0.07849209988489747
tanh,64,0.01,47,0.31428902667792125,0.3274759961021598,842277822,39587057634,39.587057634,0.07879139995202422
tanh,64,0.01,48,0.3141478985666474,0.32722264794026373,842277822,40429335456,40.429335456,0.07935689995065331
tanh,64,0.01,49,0.3139035206753719,0.326974246977581,842277822,41271613278,41.271613278,0.10140700009651482
tanh,64,0.01,50,0.3136347209176025,0.3268132691449448,842277822,42113891100,42.1138911,0.13989019999280572
tanh,64,0.01,51,0.3134386975215947,0.32675897411549765,842277822,42956168922,42.956168922,0.3850448001176119
tanh,64,0.01,52,0.3133526290743747,0.3267503672894301,842277822,43798446744,43.798446744,0.0908738998696208
tanh,64,0.01,53,0.3133323336472073,0.3266983834510619,842277822,44640724566,44.640724566,0.0824684000108391
tanh,64,0.01,54,0.31329948384183126,0.32655728692087194,842277822,45483002388,45.483002388,0.08549900003708899
tanh,64,0.01,55,0.31320916312450975,0.32635294872299064,842277822,46325280210,46.32528021,0.08639980014413595
tanh,64,0.01,56,0.31307720444462217,0.32615053054818566,842277822,47167558032,47.167558032,0.09068050002679229
tanh,64,0.01,57,0.31295043193650784,0.32599879164323325,842277822,48009835854,48.009835854,0.1389496000483632
tanh,64,0.01,58,0.3128561215804725,0.3259017253386912,842277822,48852113676,48.852113676,0.08622810011729598
tanh,64,0.01,59,0.31277954219860815,0.32583519622899265,842277822,49694391498,49.694391498,0.08513619983568788
tanh,64,0.01,60,0.31268538328269835,0.3257834061173789,842277822,50536669320,50.53666932,0.08643759996630251
tanh,64,0.01,61,0.3125567803687609,0.32575648961286746,842277822,51378947142,51.378947142,0.08413399988785386
tanh,64,0.01,62,0.31241301916769537,0.3257740539422926,842277822,52221224964,52.221224964,0.07974759978242218
tanh,64,0.01,63,0.31229100585352637,0.32583444391594707,842277822,53063502786,53.063502786,0.347655100049451
tanh,64,0.01,64,0.31221069282504277,0.3259028812058795,842277822,53905780608,53.905780608,0.14175329986028373
tanh,64,0.01,65,0.3121582686196644,0.3259318966761417,842277822,54748058430,54.74805843,0.08393529988825321
tanh,64,0.01,66,0.3121017117670306,0.3258947492273121,842277822,55590336252,55.590336252,0.08197459997609258
tanh,64,0.01,67,0.3120208985571967,0.3258002382540139,842277822,56432614074,56.432614074,0.0831926001701504
tanh,64,0.01,68,0.3119217457628277,0.3256776950656735,842277822,57274891896,57.274891896,0.08174840011633933
tanh,64,0.01,69,0.3118232008299147,0.3255507554504288,842277822,58117169718,58.117169718,0.08312750002369285
tanh,64,0.01,70,0.3117347093955127,0.32542580174030683,842277822,58959447540,58.95944754,0.082909099990502
tanh,64,0.01,71,0.3116486840882134,0.325301124623888,842277822,59801725362,59.801725362,0.1520527999382466
tanh,64,0.01,72,0.31155291047754746,0.3251806193356177,842277822,60644003184,60.644003184,0.08480920013971627
tanh,64,0.01,73,0.31144611112733744,0.32507470370677705,842277822,61486281006,61.486281006,0.08176769991405308
tanh,64,0.01,74,0.3113391679701478,0.3249888011138863,842277822,62328558828,62.328558828,0.40792770008556545
tanh,64,0.01,75,0.31124238416573163,0.3249145288202796,842277822,63170836650,63.17083665,0.08432809985242784
tanh,64,0.01,76,0.3111542299471206,0.3248350160481828,842277822,64013114472,64.013114472,0.08172510005533695
tanh,64,0.01,77,0.3110637307797723,0.32473938286284476,842277822,64855392294,64.855392294,0.0792450001463294
tanh,64,0.01,78,0.3109626066026529,0.3246313952818055,842277822,65697670116,65.697670116,0.20644500013440847
tanh,64,0.01,79,0.31085311661964404,0.3245242674459721,842277822,66539947938,66.539947938,0.1404160000383854
tanh,64,0.01,80,0.3107438356966277,0.3244284586418388,842277822,67382225760,67.38222576,0.0802537000272423
tanh,64,0.01,81,0.3106396398463629,0.32434513368806717,842277822,68224503582,68.224503582,0.27749620005488396
tanh,64,0.01,82,0.3105375459158712,0.3242696410481811,842277822,69066781404,69.066781404,0.3705071001313627
tanh,64,0.01,83,0.3104318513147015,0.3241980493313095,842277822,69909059226,69.909059226,0.08075119997374713
tanh,64,0.01,84,0.3103211688394391,0.3241283746934959,842277822,70751337048,70.751337048,0.08136140019632876
tanh,64,0.01,85,0.31020899088314696,0.32405661283311665,842277822,71593614870,71.59361487,0.09775239997543395
tanh,64,0.01,86,0.3100981639829272,0.32397469813262997,842277822,72435892692,72.435892692,0.15256389998830855
tanh,64,0.01,87,0.30998683142595307,0.3238746912509542,842277822,73278170514,73.278170514,0.0806602998636663
tanh,64,0.01,88,0.3098707382599451,0.32375513269465733,842277822,74120448336,74.120448336,0.08123190002515912
tanh,64,0.01,89,0.30974847934932026,0.32362242837189475,842277822,74962726158,74.962726158,0.08864740002900362
tanh,64,0.01,90,0.3096229809064178,0.32348589385542637,842277822,75805003980,75.80500398,0.09966120007447898
tanh,64,0.01,91,0.30949780204253097,0.3233519861900232,842277822,76647281802,76.647281802,0.08007999998517334
tanh,64,0.01,92,0.30937327833801187,0.3232229605256144,842277822,77489559624,77.489559624,0.11839829990640283
tanh,64,0.01,93,0.30924702495310546,0.3230991539262537,842277822,78331837446,78.331837446,0.41400620015338063
tanh,64,0.01,94,0.30911738637529035,0.32298049386924615,842277822,79174115268,79.174115268,0.08678520005196333
tanh,64,0.01,95,0.30898511233622966,0.3228655111052815,842277822,80016393090,80.01639309,0.08220250019803643
tanh,64,0.01,96,0.308851560875415,0.322750501757555,842277822,80858670912,80.858670912,0.08007020014338195
tanh,64,0.01,97,0.30871640602417943,0.32263143786716153,842277822,81700948734,81.700948734,0.08340299990959466
tanh,64,0.01,98,0.30857801834926984,0.32250719805600453,842277822,82543226556,82.543226556,0.07976889982819557
tanh,64,0.01,99,0.30843571498910294,0.322380465107017,842277822,83385504378,83.385504378,0.09931199997663498
tanh,64,0.01,100,0.30829063000859397,0.3222552504763904,842277822,84227782200,84.2277822,0.24652089993469417
